{"cameraMode":{"drawMode":0,"name":"Shaded","section":"Shading Mode"},"sceneLighting":false,"audioPlay":false,"sceneViewState":{"m_AlwaysRefresh":false,"showFog":true,"showSkybox":false,"showFlares":true,"showImageEffects":true,"showParticleSystems":true,"showVisualEffectGraphs":true,"m_FxEnabled":true},"in2DMode":false,"pivot":{"x":21.519052505493165,"y":-39.323265075683597,"z":113.26380157470703},"rotation":{"x":0.15387862920761109,"y":-0.005332818254828453,"z":0.0008319710614159703,"w":0.988042414188385},"size":7.196263790130615,"orthographic":false}