{"cameraMode":{"drawMode":0,"name":"Shaded","section":"Shading Mode"},"sceneLighting":false,"audioPlay":false,"sceneViewState":{"m_AlwaysRefresh":false,"showFog":true,"showSkybox":false,"showFlares":true,"showImageEffects":true,"showParticleSystems":true,"showVisualEffectGraphs":true,"m_FxEnabled":true},"in2DMode":false,"pivot":{"x":21.57851219177246,"y":-39.7057991027832,"z":113.11259460449219},"rotation":{"x":0.2201710343360901,"y":0.004977440927177668,"z":-0.0011218525469303132,"w":0.9754160046577454},"size":1.2247449159622193,"orthographic":false}