{"cameraMode":{"drawMode":0,"name":"Shaded","section":"Shading Mode"},"sceneLighting":true,"audioPlay":false,"sceneViewState":{"m_AlwaysRefresh":false,"showFog":true,"showSkybox":true,"showFlares":true,"showImageEffects":true,"showParticleSystems":true,"showVisualEffectGraphs":true,"m_FxEnabled":true},"in2DMode":false,"pivot":{"x":19.822147369384767,"y":-2.9307613372802736,"z":28.892763137817384},"rotation":{"x":0.6705500483512878,"y":0.004898930434137583,"z":-0.004426030442118645,"w":0.7417897582054138},"size":11.549938201904297,"orthographic":false}