{"cameraMode":{"drawMode":0,"name":"Shaded","section":"Shading Mode"},"sceneLighting":true,"audioPlay":false,"sceneViewState":{"m_AlwaysRefresh":false,"showFog":true,"showSkybox":true,"showFlares":true,"showImageEffects":true,"showParticleSystems":true,"showVisualEffectGraphs":true,"m_FxEnabled":true},"in2DMode":false,"pivot":{"x":21.50460433959961,"y":5.182340621948242,"z":39.28501510620117},"rotation":{"x":0.36834806203842165,"y":-0.026488710194826127,"z":0.010501421056687832,"w":0.9292342662811279},"size":54.73201370239258,"orthographic":true}